"date","Points","Ranking","HighestRanking"
"1/20/2010",1198.400024,5242,75
"1/29/2010",579.0999756,9818,2824
"2/3/2010",7779.849793,1881.5,47
"2/4/2010",302,16085,15934
"2/5/2010",505.3999939,10941,1680
"2/7/2010",58.09999847,30053,321
"2/15/2010",2,32592,1659
"2/16/2010",723.4000244,8135,779
"2/20/2010",2031.800049,3249,156
"2/28/2010",32471.09961,133,98
"3/1/2010",106.3000031,27014,8211
"3/2/2010",1048.900024,5884,40
"3/12/2010",44,31220,399
"3/16/2010",282.7999878,16779,429
"3/27/2010",1187.099976,5286,185
"4/13/2010",12256.90039,488,195
"4/14/2010",117.299998285,26477,493.75
"4/15/2010",1564.819992792,11086,2136.6
"4/19/2010",13435.09961,423,6
"4/20/2010",296.7000122,16273,60
"4/21/2010",700.14999962,18057.5,440
"4/22/2010",240.34999465,20325,3397
"4/23/2010",37.5,31634,229
"4/25/2010",303.7999878,16018,36
"4/26/2010",338.3999939,14856,3056
"4/28/2010",768.97500995,17711.5,6920.5
"4/29/2010",465.624990915,18160,960.125
"4/30/2010",138.55000117,25192.5,1470.5
"5/1/2010",122.53333025,25869.6666666667,140
"5/4/2010",966.5,6346,126
"5/5/2010",1276.75003936667,12646.1666666667,2011.33333333333
"5/6/2010",1265.410017751,15785.8,435.3
"5/7/2010",250.219990916,20746.6,2774.8
"5/8/2010",818.55000210375,16534.375,4328.375
"5/9/2010",744.49997512,17072.5,734
"5/10/2010",642.566678223333,14920,146
"5/11/2010",1146.13331598333,13787,833.333333333333
"5/12/2010",874.349987235,16698,287
"5/13/2010",45.20000076,31147,1087
"5/14/2010",44004.3999939,7755,20.5
"5/15/2010",259.550006865,21174,454.5
"5/17/2010",233.600003556667,20403,129.666666666667
"5/18/2010",1963.50003063333,18398.6666666667,398.333333333333
"5/19/2010",2999.340078606,23291.4,260.8
"5/20/2010",231.8000031,19063,206
"5/21/2010",548.30002412,19066,168.5
"5/22/2010",98.5,27461,177
"5/23/2010",290.44999695,16758,842
"5/24/2010",1455.1000345925,13279.75,261.5
"5/25/2010",120.999999776667,25931.7777777778,142.222222222222
"5/26/2010",2681.650051025,7698.75,194.75
"5/27/2010",113.400004066667,26882.3333333333,3270
"5/28/2010",130.4249982825,25944,579.5
"5/30/2010",169.6333313,24269,5153.33333333333
"5/31/2010",3952.875050775,15987,455.5
"6/1/2010",322.599987035,19971.5,240
"6/2/2010",5965.46679666667,12626.6666666667,4562
"6/3/2010",1643.300049,3874,169
"6/4/2010",251.233339306667,21134.3333333333,385.666666666667
"6/5/2010",39.70000076,31514,435
"6/6/2010",1075.5,5752,43
"6/7/2010",164.826670594,26926.0666666667,2009.8
"6/8/2010",83.3888882544444,28434.8888888889,705.888888888889
"6/9/2010",132.790477258095,26467.8095238095,868.761904761905
"6/10/2010",194.26666721,25518.4166666667,247.666666666667
"6/11/2010",34.9333332366667,31673,256.166666666667
"6/12/2010",350.1499939,20453.5,301
"6/15/2010",777.4500122375,21020.5,6240.5
"6/16/2010",50.29999924,30779,349
"6/17/2010",418.06668222,20508.3333333333,180.333333333333
"6/18/2010",58,30065,3166
"6/20/2010",330.5,15130,337
"6/22/2010",3474.49999937333,20864.8333333333,4755
"6/23/2010",884.671414491429,15417.1428571429,269
"6/24/2010",525.283327071667,21279.1666666667,1691.33333333333
"6/25/2010",12556.0251952337,20918.875,1655
"6/26/2010",365.516661965,17703,3538.16666666667
"6/27/2010",6374.94573815636,18586.8181818182,2287.36363636364
"6/28/2010",542.000002643333,18601.1666666667,308.833333333333
"6/29/2010",2112.93634093,19039.0909090909,1029.09090909091
"6/30/2010",856.2000122,7079,52
"7/1/2010",2013.25004855375,19795.625,1099.125
"7/2/2010",206.985718588571,23619.7142857143,1570.28571428571
"7/3/2010",677.133349156667,18867.3333333333,573.666666666667
"7/4/2010",119.59999845,26179.5,3330
"7/5/2010",142.866671243333,25158.6666666667,1581.33333333333
"7/6/2010",98.5833326883333,27522.1666666667,1054
"7/7/2010",252.412503235,20602.125,1232.25
"7/8/2010",1821.8374686425,8675.75,681.5
"7/9/2010",1899.76662832,14765.5,1107.66666666667
"7/10/2010",53.59999847,30499,348
"7/11/2010",3343.06659963333,18924.3333333333,3519.33333333333
"7/12/2010",651.9500122,9343.5,4269
"7/13/2010",165,23427.5,397
"7/14/2010",218.639994052,21352,1470.8
"7/15/2010",274.875002687,24422.75,954.5
"7/16/2010",85.6999994933333,28258,2112.33333333333
"7/17/2010",105.974999415,26964.75,2307.25
"7/19/2010",322,15896,127.5
"7/20/2010",6148.22492855,3861,1483.25
"7/21/2010",5626.67988606,11941.8,2651.4
"7/22/2010",348.266670223333,17883.3333333333,1663.33333333333
"7/23/2010",5076.249898475,14671,145
"7/25/2010",115.6999969,26429,723
"7/26/2010",1921.89993296667,15118.3333333333,258.333333333333
"7/27/2010",5979.833496,7813.33333333333,275.666666666667
"7/28/2010",44.40000153,31191,398
"7/30/2010",1643.47996528,12442,3284.4
"7/31/2010",647.80002605,14334.5,73.5
"8/1/2010",4793.31653743,25458.8333333333,337.5
"8/2/2010",73.93999938,29199.2,5053.2
"8/3/2010",5493.10910088818,17828.8181818182,443.363636363636
"8/4/2010",1392.10954942476,17630.3333333333,655.238095238095
"8/5/2010",904.328224590718,24615.4871794872,627.230769230769
"8/6/2010",166.280001073,24056.4,561.9
"8/7/2010",1433.650065485,25587.6666666667,461.833333333333
"8/8/2010",82161.89844,25,25
"8/9/2010",255.17143551,25094.5714285714,370.142857142857
"8/10/2010",40.0499995466667,30912.5,5036.33333333333
"8/11/2010",745.766658586667,14428.3333333333,248
"8/12/2010",111.500000025,26494,198.5
"8/13/2010",63.3333333333333,29752,4646.66666666667
"8/14/2010",73.1000004,28865,6978.5
"8/15/2010",699.5999756,8372,94
"8/16/2010",41.66666667,31348.6666666667,435.333333333333
"8/17/2010",121.699996475,26990.25,463.75
"8/18/2010",522.271436715714,22099.1428571429,852
"8/19/2010",2466.40708881929,21378,3074.92857142857
"8/20/2010",517.426683139333,22476.4,723.266666666667
"8/21/2010",500.95001361125,18789.75,4044.875
"8/22/2010",588.900012765,18411,282.5
"8/23/2010",702.471437748571,20313,861.857142857143
"8/24/2010",47.5428573057143,30681.8571428571,4200.28571428571
"8/25/2010",846.433340665333,21002.1333333333,4491.86666666667
"8/26/2010",870.110011701,20666.6,2303.9
"8/27/2010",6031.76639853333,8100.66666666667,1077
"8/28/2010",49.649999615,30803.5,3217
"8/29/2010",112.9500021925,27531,3695.75
"8/30/2010",1759.36663425333,11813.3333333333,266.333333333333
"8/31/2010",460.60001071,24642.2,2612.6
"9/1/2010",2836.560012088,16204.4,2009
"9/2/2010",423.899994,19718.5,135.25
"9/3/2010",94.4625005775,27582.25,4581.5
"9/4/2010",158.5,23472,95
"9/5/2010",37.20000076,31658,464
"9/6/2010",1341.86669933333,21327,282
"9/7/2010",74.0666681966667,29075,266
"9/8/2010",955.333333333333,18781.3333333333,113.666666666667
"9/9/2010",2139.76669958667,14128.6666666667,721.333333333333
"9/10/2010",156.599996566667,26907,1625.33333333333
"9/11/2010",4108.1499632,4516.5,246
"9/12/2010",5689.7501828,4613.5,123
"9/13/2010",1879.46663365,22898.1666666667,240.5
"9/14/2010",139.33750390875,25919.625,1063
"9/15/2010",119.399998476,26503.2,391.6
"9/16/2010",1351.09996784333,20096.3333333333,205.333333333333
"9/17/2010",103.70000001,27158.2,638.8
"9/18/2010",126.64999962,25694.5,244
"9/19/2010",180.799995423333,22777,581.333333333333
"9/20/2010",95.44999883,27730.5,239.5
"9/21/2010",193.157144818571,24253.2857142857,299.142857142857
"9/22/2010",1527.06248766562,24430.4375,481.1875
"9/23/2010",406.145453042727,18362.2727272727,728.909090909091
"9/24/2010",490.800017413667,22106.3333333333,629.666666666667
"9/25/2010",192.44999981,25159.75,357
"9/26/2010",36.5,31704,475
"9/27/2010",128.749999975,25317.5,238
"9/28/2010",41182.549999235,15451.5,177
"9/29/2010",171.8499985,22644,2240.5
"9/30/2010",57.924999715,30126,361.25
"10/1/2010",296.400004775,25305,2448.2
"10/2/2010",350.399997028,20855.6,993.2
"10/3/2010",406.46666209,17163,281.333333333333
"10/4/2010",619.483319573333,20457.8333333333,403.833333333333
"10/5/2010",119.666666038333,27281.1666666667,1021.83333333333
"10/6/2010",1313.17501169,14929.875,273.875
"10/7/2010",56.3727271336364,30248.0909090909,396.272727272727
"10/8/2010",431.933327971111,20145.8888888889,708.888888888889
"10/9/2010",700.233336145,17905.5,225.666666666667
"10/10/2010",13874.97983419,10854.4,134.8
"10/11/2010",2518.13336193333,14729,2414.66666666667
"10/13/2010",3162.35007944,9949.25,186.75
"10/14/2010",759.76001276,15930,311.2
"10/15/2010",2351.149906075,12829.75,1974.25
"10/16/2010",707.700022433333,14525.3333333333,1280.33333333333
"10/17/2010",255.9666748,19484.3333333333,489
"10/18/2010",74.84999845,29145,285
"10/19/2010",769.433321576667,14721.3333333333,457.666666666667
"10/20/2010",403.025010015,18547.75,1711
"10/21/2010",6994.86653666667,21838.3333333333,18791.6666666667
"10/22/2010",101.5500011375,27275.5,623.25
"10/24/2010",125.9000015,25675,677
"10/25/2010",12230.60039075,10106.25,320.75
"10/26/2010",132.25000193,25537,370
"10/27/2010",236.266672766667,20901.6666666667,1731.33333333333
"10/28/2010",183.950004575,22434.5,233
"10/29/2010",174.69999695,23766.5,793.5
"10/30/2010",155.60000306,25904.8,1950.2
"10/31/2010",82.35000324,28535.5,473.5
"11/1/2010",541.92500295,17923.5,2136
"11/2/2010",106.799999235,26933,339
"11/3/2010",2139.699951,3092,61
"11/5/2010",259.62857055,22833.5714285714,249.142857142857
"11/6/2010",52.09999847,30647,1351
"11/8/2010",42.4749994275,31165.5,539.25
"11/9/2010",1054.499992475,8361.25,1636
"11/10/2010",113.3833325775,26448.5833333333,459.75
"11/11/2010",1167.8249512375,19224.5,227.75
"11/12/2010",8061.3249720675,10638,1272
"11/13/2010",844.8499755,13147,1890
"11/14/2010",680.333327113333,20142,403.666666666667
"11/15/2010",328.9666697,18937.3333333333,215.333333333333
"11/16/2010",280.240000914,20661.2,469.2
"11/17/2010",3237.800049,2074.5,756
"11/18/2010",147.166669216667,24703.8333333333,405
"11/19/2010",464.099987346154,26403.6153846154,18867.5384615385
"11/20/2010",268.6000061,17356,130
"11/21/2010",1026.33333333333,9738,109.333333333333
"11/22/2010",985.133333843333,14108,821.666666666667
"11/23/2010",209.333330669333,23703.7333333333,1755.86666666667
"11/24/2010",1048.73395824887,22497.7735849057,2057.01886792453
"11/25/2010",91.8611098427778,27908.3333333333,11252.8333333333
"11/26/2010",462.322223728889,23187.7777777778,6658.22222222222
"11/27/2010",519.016662666667,15903.6666666667,1410.33333333333
"11/28/2010",308.816664456667,21769,417
"11/29/2010",563.0299982842,21367.8,812.7
"11/30/2010",549.48570192,19241.8571428571,8899.28571428571
"12/1/2010",505.775009496667,24859.0833333333,769.583333333333
"12/2/2010",2740.68612209842,21212.7906976744,3839.3488372093
"12/3/2010",841.093344628,21596.9333333333,4310.6
"12/4/2010",601.999991014444,21677.8333333333,756.277777777778
"12/5/2010",65.81249952375,29705.875,1407.625
"12/6/2010",108.659999848667,27298.4,2233.6
"12/7/2010",2227.00003754,19687.4,5768
"12/8/2010",133.699995861429,25871.1428571429,4905.42857142857
"12/9/2010",907.61248943,23103.25,696
"12/10/2010",278.18333308,26468.3333333333,4942.83333333333
"12/11/2010",212.300003033333,22781.6666666667,442
"12/12/2010",509.75,11404,5930
"12/13/2010",617.02501152375,23983.125,2847.0625
"12/14/2010",399.879996951333,22359.6,2366
"12/15/2010",311.36667441,22481.3333333333,384.666666666667
"12/16/2010",280.66000366,20425.2,1550
"12/17/2010",179.05555259,23344.1111111111,369.777777777778
"12/18/2010",1341.43337412444,19472,822.777777777778
"12/19/2010",910.2999880125,15751.5,248.25
"12/20/2010",4985.07165273429,22114.5714285714,3527
"12/21/2010",344.200010595714,22696,498.857142857143
"12/22/2010",108.918180290909,26995.8181818182,1922.72727272727
"12/23/2010",2711.19993474333,24386.6666666667,431.666666666667
"12/24/2010",46.980000306,31020,680.4
"12/25/2010",3303.980038628,21159.8,978.6
"12/26/2010",607.19999695,9970.5,869
"12/27/2010",62.49999873,29793.3333333333,588.666666666667
"12/28/2010",311.120002666,22399.4,3167.4
"12/29/2010",100.149999291667,27341,522.666666666667
"12/30/2010",299.360007068,23599,980.1
"12/31/2010",125.0499963775,25992.25,377.5
"1/1/2011",298.449993135,19452,615
"1/2/2011",46.740000152,30954.2,1017.4
"1/3/2011",539.700013205,24053.25,581
"1/4/2011",97.5909109990909,28145.9090909091,664.181818181818
"1/5/2011",232.100002098,24097.6,1041.9
"1/6/2011",306.972731175455,22540.6363636364,734.818181818182
"1/7/2011",85.0571430757143,28610.1428571429,1364.57142857143
"1/8/2011",2465.7499511925,16571.5,493.75
"1/9/2011",321.8250026675,18510.75,517.25
"1/10/2011",132.69999981,25622,1776.5
"1/11/2011",151.533330708889,25356.1111111111,308.222222222222
"1/12/2011",45546.7333323167,19593.3333333333,1595.33333333333
"1/13/2011",57.9499998075,30087.75,654.25
"1/14/2011",198.5333303,22944.6666666667,534.333333333333
"1/15/2011",274.90000629,24620.25,577.25
"1/16/2011",831.185688614286,22326.2857142857,469.142857142857
"1/17/2011",47.43999939,30887.8,740.6
"1/18/2011",514.07500075,20052,735.5
"1/19/2011",87.03333219,30042.0833333333,16771.1666666667
"1/20/2011",680.788867561111,23749.5555555556,12722.5555555556
"1/21/2011",2149.43336433917,22393.1666666667,641.916666666667
"1/22/2011",395.130005855,22887.8,667.1
"1/23/2011",238.766665991111,24843.8888888889,3440.66666666667
"1/24/2011",218.144445797778,24657,3739
"1/25/2011",2474.68008414,14107.2,5525.4
"1/26/2011",1998.50718828571,19054.7857142857,548.214285714286
"1/27/2011",13507.5695723646,16196.6923076923,3006.38461538462
"1/28/2011",225.680001065,22295.1,1108.7
"1/29/2011",251.150004326667,25555.8333333333,4987.66666666667
"1/30/2011",153.500003186667,25869.8333333333,1197.5
"1/31/2011",88.1500009033333,28148.8333333333,755.666666666667
"2/1/2011",428.471426262143,22017.5714285714,4488.71428571429
"2/2/2011",874.9583498325,25914.5,942.333333333333
"2/3/2011",182.955554963333,24999.7777777778,747.111111111111
"2/4/2011",116.442856110714,26708.9285714286,1024.64285714286
"2/5/2011",177.61999969,24601.0666666667,1444.6
"2/6/2011",323.450002621,23801.3,758.7
"2/7/2011",2871.78000359333,22618.2,4235.93333333333
"2/8/2011",1685.68749921375,24043.75,1886.125
"2/9/2011",426.574194239677,25721.7741935484,991.967741935484
"2/10/2011",200.476191318095,24981.8095238095,987.52380952381
"2/11/2011",263.69499981,22853,2091.15
"2/12/2011",424.373333227333,23134.5333333333,446.466666666667
"2/13/2011",166.735483866452,25511.7096774194,781.129032258065
"2/14/2011",409.733324647778,22568.7777777778,1436.66666666667
"2/15/2011",1353.2667034,9877,3070.33333333333
"2/16/2011",6614.23845616169,17458.4615384615,1148.69230769231
"2/17/2011",207.140000659333,25660.8,1832.6
"2/18/2011",521.9375057375,26600.25,926.875
"2/19/2011",908.800001566,15247.8,1328.8
"2/20/2011",4573.210010119,19103.9,1076.1
"2/21/2011",789.833328943333,16444.8333333333,5192.66666666667
"2/22/2011",195.669999695,22973.6,7075.9
"2/23/2011",284.099999232,19996.4,540.2
"2/24/2011",2224.199951,16085,793.5
"2/25/2011",88.599998475,28003.5,3364.5
"2/26/2011",33256.34961,392.5,41.5
"2/27/2011",169.8999996075,23004.75,3067.75
"2/28/2011",5843.64973561,16828.5,1690.16666666667
"3/1/2011",2056.54289287829,10951.7142857143,1909.71428571429
"3/2/2011",2526.44290542171,18016.1428571429,2013.85714285714
"3/3/2011",141.525001525,24545.25,8697.25
"3/4/2011",10144.9000040667,6405.66666666667,156.666666666667
"3/5/2011",266.6000061,17454,860
"3/6/2011",65.5,29201.6666666667,10746
"3/7/2011",7158.919846592,21475.2,1699.2
"3/8/2011",82.699998855,28555.25,3340
"3/9/2011",1678.75002332625,19736.25,1274.75
"3/10/2011",178.766668953333,25228.6666666667,4432.33333333333
"3/11/2011",94.2333350973333,27533.3333333333,3544.33333333333
"3/12/2011",383.2999878,13504,868
"3/13/2011",1.899999976,32598,1667
"3/14/2011",1325.14289179643,18426.8571428571,867.142857142857
"3/15/2011",191.399994841375,23166.75,1706
"3/16/2011",385.75624724075,22172.3125,4020.1875
"3/17/2011",193.466663161111,24426.3333333333,4331.11111111111
"3/18/2011",5691.53981763747,20532.4666666667,3558
"3/19/2011",977.950000765,16474.5,814.5
"3/20/2011",3803.660041373,18557.6,1652
"3/21/2011",451.766676611667,19409.5,1160.33333333333
"3/22/2011",156.4799986848,25051.6,2134.6
"3/23/2011",1257.37778986444,17129.5555555556,1114.11111111111
"3/24/2011",321.58570859,21804.4285714286,1681.42857142857
"3/25/2011",906.6200185707,19660,2312.6
"3/26/2011",307.4833254535,24533.8333333333,1016.66666666667
"3/27/2011",176.233337416667,23465.3333333333,990.333333333333
"3/28/2011",117.647058109235,27137.6470588235,9720.17647058824
"3/29/2011",44.2933343105333,30492.6666666667,20841.9
"3/30/2011",94.0451579291613,30682.2258064516,21273.6774193548
"3/31/2011",81.8379314245862,30016.9310344828,17561.0344827586
"4/1/2011",65.9923072219231,29816.3076923077,21224.9230769231
"4/2/2011",72.2000018521429,29416.4285714286,19885.1428571429
"4/3/2011",73.2875000836875,30003.3125,21182.4375
"4/4/2011",4164.51497083438,21310.0125,9398.15
"4/5/2011",1459.64210643028,22584,8648.51315789474
"4/6/2011",959.957311234067,26417.2471910112,16055.0112359551
"4/7/2011",66.1415092886792,30738.4811320755,22476.7075471698
"4/8/2011",101.284617264808,31616.358974359,23564.6794871795
"4/9/2011",2677.1624908,15578.375,8175.375
"4/10/2011",1733.633317878,18567.3333333333,6085.6
"4/11/2011",85.4684199284211,28751.7368421053,12208.5789473684
"4/12/2011",135.194733061579,27834,14475.5263157895
"4/13/2011",3051.168802805,17178.75,6985.8125
"4/14/2011",13463.0996779322,19661.6,6989.2
"4/15/2011",96.0500001775,27553.5,4376.75
"4/16/2011",1012.360005105,17265.3,2105.8
"4/17/2011",868.600016968333,22749,2092.5
"4/18/2011",2381.26663706667,11041.3333333333,1965.66666666667
"4/19/2011",7287.6001585187,23661,4300.1
"4/20/2011",1752.98259973674,18092.3913043478,3188.52173913043
"4/21/2011",1008.58568741286,20984.4285714286,4238.14285714286
"4/22/2011",603.6875,17525,1368.375
"4/23/2011",11477.07983725,14263.8,2399.6
"4/24/2011",168.885717261429,25099.7142857143,1317.14285714286
"4/25/2011",363.956242373563,23329.625,4271.625
"4/26/2011",182.566668668333,24070.6666666667,2483.66666666667
"4/27/2011",297.657144579429,22592.4285714286,2116.85714285714
"4/28/2011",713.016671428333,16291.5,2753
"4/29/2011",435.157144817143,17422.4285714286,3647.85714285714
"4/30/2011",206.8,22496.2,1643
"5/1/2011",283.7666626,19369.3333333333,3511.33333333333
"5/2/2011",722.814284616857,20592,2887
"5/3/2011",449.785718551857,22893.4285714286,2313.28571428571
"5/4/2011",87.2666674626667,27850.3333333333,1134
"5/5/2011",713.93751484325,20597.25,4377.8125
"5/6/2011",806.46249864,17799.625,2811.875
"5/7/2011",1123.65553118222,21565.6666666667,4865
"5/8/2011",36.1800004012,31117.8,4364.4
"5/9/2011",1668.86360000909,23698.1818181818,3990.27272727273
"5/10/2011",146.154546247818,24903.6363636364,3465.63636363636
"5/11/2011",444.954547306182,21760.0909090909,3404.63636363636
"5/12/2011",2475.199990658,18028.2222222222,1145
"5/13/2011",940.259989888,18141,3216.6
"5/14/2011",377.1999932375,23184,3604.25
"5/15/2011",3994.339923982,21045.2,2507
"5/16/2011",133.212497715,25482.625,4188.75
"5/17/2011",221.56249856375,22824,5144
"5/18/2011",86.6642859357143,28134.0714285714,6350
"5/19/2011",1263.76666256667,12091,5679.5
"5/20/2011",407.51250315,22843.375,4178.625
"5/21/2011",1115.86668274333,20664.3333333333,3915.66666666667
"5/22/2011",363.200009954,24357,4779.8
"5/23/2011",566.497622757857,20782.3571428571,5025.09523809524
"5/24/2011",292.931252515,22996.5625,3798.125
"5/25/2011",1903.35338660133,25031.2,4089.46666666667
"5/26/2011",1317.0749703,14810.75,2409.125
"5/27/2011",1247.280007968,17233.4,2393.4
"5/28/2011",119.016667046667,26719.1666666667,4658.5
"5/29/2011",879.8749779775,18795.25,4335.25
"5/30/2011",92.119999686,27957.8,4809.2
"5/31/2011",430.359997791,20549.4,2727
"6/1/2011",3676.55714743571,19724.1428571429,8852.57142857143
"6/2/2011",1375.46666781,17091.5833333333,4084.58333333333
"6/3/2011",1057.7499694,8568.5,1383.75
"6/4/2011",417.842862205714,18814.7142857143,2944.28571428571
"6/5/2011",1212.10000615,8334,1442.25
"6/6/2011",85.2666664133333,28399,4366
"6/7/2011",1246.05451259455,22571.8181818182,3445.72727272727
"6/8/2011",194.650001525,23658.3333333333,7902.66666666667
"6/9/2011",216.62727443,22978.7272727273,3295.09090909091
"6/10/2011",995.6750020975,18539,4220
"6/11/2011",293.440002446,20682.2,3291.8
"6/12/2011",356.466669713333,22039.6666666667,4200.33333333333
"6/13/2011",59.6250009525,30038.5,6201.25
"6/14/2011",271.1125049625,22205.125,6030.875
"6/15/2011",426.0499878,19938,13871
"6/16/2011",4269.77769272111,21352.1111111111,4509
"6/17/2011",738.43750717875,18104.75,3928.875
"6/18/2011",78.80000305,28601,5912
"6/19/2011",523.5999756,10630,184
"6/20/2011",3994.45009788,16090,2115
"6/21/2011",301.50000381,23354.3333333333,5249.33333333333
"6/22/2011",3752.07991037,13423,5314.4
"6/23/2011",1961.16662586667,12023.3333333333,1420.66666666667
"6/24/2011",117.249999975,26146,1311
"6/27/2011",576.744457667778,19771.8888888889,3305.66666666667
"6/28/2011",870.26251553625,21675,3867.25
"6/29/2011",811.2250252575,22964,7251
"6/30/2011",3226.4834034225,17127.8333333333,2806.75
"7/1/2011",283.699997712,20771.4,3183
"7/2/2011",498.560005226,20572.2,4130.6
"7/3/2011",331.900001523333,17452.6666666667,2121.33333333333
"7/4/2011",410.03750515375,16000.375,1342.375
"7/5/2011",238.578944533684,25452.7368421053,4895.73684210526
"7/6/2011",585.900009958,18772,4808.8
"7/7/2011",2858.31672999444,17737.5555555556,1234
"7/8/2011",335.785712088571,19306,1388.57142857143
"7/9/2011",4085.649962842,16410.7,1732.6
"7/10/2011",458.633323645,19484.6666666667,1578.5
"7/11/2011",278.99090715303,20826.1515151515,1701.27272727273
"7/12/2011",148.1375007625,24167.625,1188.5
"7/13/2011",908.085195711852,21923.9259259259,1772.37037037037
"7/14/2011",1465.29231260154,14572,5477.61538461538
"7/15/2011",443.185707877857,18646.8571428571,969.071428571429
"7/16/2011",492.025001525,15622,2659.5
"7/17/2011",164.69999949,23276.6666666667,1807.33333333333
"7/18/2011",630.416665396667,20678.3333333333,3259
"7/19/2011",3071.3000056,14351.6666666667,369.5
"7/20/2011",1033.8666865,16593.5,4851.16666666667
"7/21/2011",1494.28126623812,19867.625,3470.8125
"7/22/2011",294.322222387778,20128.5555555556,2122.77777777778
"7/23/2011",408.779997254,16576.2,4028.6
"7/24/2011",181.4000015,22032.5,5726.5
"7/25/2011",231.316670110833,23048.9166666667,3053.5
"7/26/2011",333.61428071,18596.1428571429,9265.42857142857
"7/27/2011",111.5999985,26695,1168
"7/28/2011",942.37498564125,23095.5,4362
"7/29/2011",2058.45991814,14610.2,1635.4
"7/30/2011",85.69999924,28157.4,5567.4
"7/31/2011",133.30000305,25314,1349
"8/1/2011",2063.19447875222,20283.8333333333,3464
"8/2/2011",356.426674548667,23674.2,2386.06666666667
"8/3/2011",281.421430034286,19790.0714285714,1205.64285714286
"8/4/2011",101.563635746364,27333.4545454545,2110.36363636364
"8/5/2011",316.28749560875,18316.25,2208.125
"8/6/2011",397.611110732222,20770.2222222222,1632.44444444444
"8/7/2011",826.466662728333,15287.6666666667,2616.16666666667
"8/8/2011",742.960020804,23826.1,2961.4
"8/9/2011",131.49999618125,26834.25,6502.625
"8/10/2011",698.033334731667,20760.3333333333,5974.66666666667
"8/11/2011",467.17999263,18583.4,878
"8/12/2011",536.16000976,13702.2,1513.4
"8/13/2011",43.5999997466667,30629.6666666667,10164.3333333333
"8/14/2011",52.65000153,30459.5,4267.5
"8/15/2011",374.585719521429,17112.7142857143,2806.42857142857
"8/16/2011",260.842856817143,22100.2857142857,4856
"8/17/2011",2254.08340181667,17941.3333333333,6893.33333333333
"8/18/2011",2165.70002332071,14762.2142857143,3333.42857142857
"8/19/2011",208.47499848125,23921.875,2907.5
"8/20/2011",93.799997712,27663.6,9144.6
"8/21/2011",1384.47501664125,14427.25,1489.5
"8/22/2011",194.65714208,23311.1428571429,2654.14285714286
"8/23/2011",312.9624929875,22267.75,5516.375
"8/24/2011",1558.51250740875,14043.125,2247.625
"8/25/2011",153.933333076667,24996.3333333333,1293.33333333333
"8/26/2011",341.433340726667,21060,1500.66666666667
"8/27/2011",1180.7500002,6297,3492
"8/28/2011",163.1999969,23156,415
"8/29/2011",152.900001525,24002,835
"8/30/2011",721.157133895714,19421.2857142857,4186.28571428571
"8/31/2011",1220.03752466125,21177.75,4943
"9/1/2011",505.644437131111,19054.6666666667,2697.33333333333
"9/2/2011",11101.67968792,9473,700.4
"9/3/2011",352.06666565,22158,2395
"9/4/2011",18864.09921962,15143.5,2963
"9/5/2011",5087.05703029286,15259.5714285714,619.714285714286
"9/6/2011",508.21428408,20903.7142857143,8222.14285714286
"9/7/2011",348.600002666667,18994.3333333333,4919.66666666667
"9/8/2011",1787.38570032,18815.4285714286,1926.57142857143
"9/9/2011",835.040020828,21898.4,2193.6
"9/10/2011",1116.95554359111,21806.3333333333,10924.6666666667
"9/11/2011",189.966662066667,22656.6666666667,2309.66666666667
"9/12/2011",606.76248355,21337.875,5739.875
"9/13/2011",531.979987684,18133.8,5297.6
"9/14/2011",2098.900020655,16248.3333333333,3455.83333333333
"9/15/2011",2789.06663329889,19347.1111111111,2145.22222222222
"9/16/2011",1232.70909979636,16464.6363636364,5919.18181818182
"9/17/2011",4970.32862844714,15939.1428571429,7315.42857142857
"9/18/2011",1814.74442031556,21239.4444444444,4375.88888888889
"9/19/2011",327.35832789,26693.8333333333,12421.8333333333
"9/20/2011",305.559993583333,23282.6666666667,6456.46666666667
"9/21/2011",279.961106317778,24506.5555555556,6185.72222222222
"9/22/2011",402.305549175556,22969.3333333333,6068
"9/23/2011",4517.24580258958,23155.7083333333,2341.91666666667
"9/24/2011",299.992853145714,22569.7857142857,3731.64285714286
"9/25/2011",112.870587519412,26875.1764705882,9259
"9/26/2011",615.411118364815,23536.4074074074,1813.96296296296
"9/27/2011",140.100001241818,25980.0909090909,7365.09090909091
"9/28/2011",164.4079986852,26655.84,8276.72
"9/29/2011",909.199990679474,25176.7894736842,7498.73684210526
"9/30/2011",124.818749189375,26361.1875,4711.375
"10/1/2011",0,33261.8,27059
"10/2/2011",150.510002903,26603,14136.2
"10/3/2011",841.928560236429,18111.6428571429,2139.64285714286
"10/4/2011",498.211108607111,27349.9111111111,9782.8
"10/5/2011",2317.42228149704,27513.4814814815,9521.22222222222
"10/6/2011",146.71666739625,28580.375,14217.0416666667
"10/7/2011",188.92857106619,25684.9523809524,13185.4285714286
"10/8/2011",1519.69051761429,24930.3333333333,12627.0952380952
"10/9/2011",109.62592737963,28698.1851851852,18943.7777777778
"10/10/2011",1222.79065045531,28113.28125,16705.15625
"10/11/2011",315.539997075667,26268.3,14213.3
"10/12/2011",18.5241380872414,32362.2413793103,19455.5172413793
"10/13/2011",129.849999784375,28068.3125,11867.4375
"10/14/2011",46.8352938258824,30621.5294117647,18139.4117647059
"10/15/2011",234.964708887647,24304.0588235294,9159.70588235294
"10/16/2011",61.2999983922222,29920.3333333333,15555.2222222222
"10/17/2011",1316.543779265,25224.375,9838.9375
"10/18/2011",59.3249999105,30206.7,14569.4
"10/19/2011",137.246154933846,25703,8974.92307692308
"10/20/2011",209.411530948077,29928.2692307692,6875.92307692308
"10/21/2011",179.090909855909,27849.6363636364,12431.6818181818
"10/22/2011",2301.49328649467,24802.1333333333,9781
"10/23/2011",697.866685294762,30202,14916.5238095238
"10/24/2011",29.040000026,31731.7333333333,15353.5333333333
"10/25/2011",458.316660374167,20949,4328.75
"10/26/2011",5246.34127199706,21198.5294117647,3131.17647058824
"10/27/2011",677.584637863846,26008.3076923077,10031
"10/28/2011",1083.16360062727,26267.3636363636,6681.18181818182
"10/29/2011",486.566683498333,23289,2480.16666666667
"10/30/2011",47.7142862657143,30683.4285714286,9321.14285714286
"10/31/2011",884.413650514091,21392.3636363636,4459.72727272727
"11/1/2011",6739.92020319733,24915.6,10805.4666666667
"11/2/2011",463.393339050667,24794.8,10534.1333333333
"11/3/2011",401.335293433137,22330.1764705882,3835.35294117647
"11/4/2011",537.108331891167,20902.1166666667,3198.63333333333
"11/5/2011",229.793334581667,25173.2333333333,4108.86666666667
"11/6/2011",455.3349939175,22180.25,8006.65
"11/7/2011",464.116662437,19598.6333333333,3812.03333333333
"11/8/2011",1033.87273409773,23893.5909090909,8551.86363636364
"11/9/2011",375.363641694545,24379.303030303,10432
"11/10/2011",379.77567652,24825.8108108108,9344.72972972973
"11/11/2011",652.279477698462,23455.5641025641,6466.89743589744
"11/12/2011",1492.63042222696,17280.5217391304,2231.13043478261
"11/13/2011",1072.9750187375,21012.6875,2991.5625
"11/14/2011",369.307137546429,24643.9642857143,3236.92857142857
"11/15/2011",526.24324488027,22054.5945945946,7071.5945945946
"11/16/2011",526.474997842083,21984.3333333333,3145.66666666667
"11/17/2011",2589.30964482516,18070.8709677419,3485.83870967742
"11/18/2011",2119.98423222263,24315.8157894737,5873.52631578947
"11/19/2011",335.918185228788,25671.2121212121,5183.48484848485
"11/20/2011",277.360715571429,23832.2142857143,7027.25
"11/21/2011",1201.83046198522,22078.8260869565,5215.60869565217
"11/22/2011",4200.07864581762,23687.2857142857,5556.16666666667
"11/23/2011",524.903569565357,23234.2142857143,6080.5
"11/24/2011",272.994735518421,27794.2105263158,10191.2105263158
"11/25/2011",107.694736983684,27499.3157894737,6763.52631578947
"11/26/2011",217.293332291333,24775.2666666667,7261
"11/27/2011",182.033336013333,28857,6546.33333333333
"11/28/2011",1087.11538349333,24674.4871794872,5846.61538461538
"11/29/2011",489.595458043182,23286.8636363636,4904.95454545455
"11/30/2011",575.065091399365,24910.2380952381,3253.7619047619
"12/1/2011",275.528570888286,24514.6571428571,3201.65714285714
"12/2/2011",334.725716314286,26454.4857142857,7956.02857142857
"12/3/2011",196.2120003484,23386.56,6626.6
"12/4/2011",832.686641864667,26313.1333333333,6429.33333333333
"12/5/2011",186.0678542825,24765.7142857143,8101.78571428571
"12/6/2011",1240.63335548762,21669.2857142857,6371.52380952381
"12/7/2011",556.730444515217,21149.5217391304,6103.47826086957
"12/8/2011",357.465214778696,23340.1304347826,3823.78260869565
"12/9/2011",669.91249039875,19348.5,7609.625
"12/10/2011",1056.112490575,19194.5625,2771.75
"12/11/2011",514.193756388125,22725.625,4044.25
"12/12/2011",499.3199969568,24512.2,3057.4
"12/13/2011",1114.66817340045,21681.8409090909,3870.18181818182
"12/14/2011",152.441891644865,28540.0675675676,2890.33783783784
"12/15/2011",690.822849126571,23493.0571428571,2553.4
"12/16/2011",2834.57997134067,16581.8,3898.8
"12/17/2011",616.564292670714,18972.4285714286,3714.5
"12/18/2011",717.08694943,22133.8260869565,9205.52173913043
"12/19/2011",180.327777224444,26833.7777777778,11733.6666666667
"12/20/2011",421.999994881111,19619.8888888889,2730.77777777778
"12/21/2011",1089.96472924824,20947,6623.70588235294
"12/22/2011",319.3944489,23409.5,8603.66666666667
"12/23/2011",161.564285551429,25367.0714285714,10668.3571428571
"12/24/2011",4424.74461802667,24870.3333333333,12742.6666666667
"12/25/2011",1639.89993870923,18793.7692307692,6264.38461538462
"12/26/2011",168.600001993846,25626.3846153846,7906.84615384615
"12/27/2011",1139.10002820067,17790.1333333333,1585.93333333333
"12/28/2011",1433.965003563,22524.25,7572.65
"12/29/2011",134.87999801,26194.9,9139.9
"12/30/2011",841.427277175,19582.0454545455,6158.77272727273
"12/31/2011",1018.4500038555,19676.4,2195.25
"1/1/2012",871.642848947857,22836.3571428571,5186.28571428571
"1/2/2012",494.900013115,24157.7857142857,10386.4642857143
"1/3/2012",190.359999342667,24665.1333333333,7437.33333333333
"1/4/2012",273.2800014115,24404.95,1817.55
"1/5/2012",206.154544695152,25495.5151515152,2946.45454545455
"1/6/2012",538.033325166667,14519.6666666667,2790.16666666667
"1/7/2012",630.616671546667,17267.3333333333,2496.75
"1/8/2012",348.991661390833,21557.3333333333,9631.91666666667
"1/9/2012",670.435726337143,20982.3571428571,7848.07142857143
"1/10/2012",933.399978605385,19157.4615384615,4717.76923076923
"1/11/2012",4097.63350231111,13253.2222222222,6229.55555555556
"1/12/2012",9200.6402032,21350.9333333333,7298.06666666667
"1/13/2012",832.844439164444,14128.5555555556,3029.22222222222
"1/14/2012",444.5999927375,21029.875,11412
"1/15/2012",285.939993774667,27658.4,15896.9333333333
"1/16/2012",457.009087975455,19818.0909090909,4409.54545454545
"1/17/2012",4487.45328451267,23280.2666666667,6991.2
"1/18/2012",474.512503635,24494.0833333333,3786
"1/19/2012",343.06470198,18734.8823529412,2765.17647058824
"1/20/2012",319.399991809231,20861.1538461538,3073.84615384615
"1/21/2012",302.866664463333,21622.8888888889,5840.11111111111
"1/22/2012",1618.03334823444,17052.1111111111,3037.22222222222
"1/23/2012",200.855556907778,22765.3333333333,5294.66666666667
"1/24/2012",175.86249876125,24313,7891.125
"1/25/2012",1282.93998406,15646.8,7270.8
"1/26/2012",888.06999821,20123.5,3206.5
"1/27/2012",1424.98669207867,23660.2,9421.53333333333
"1/28/2012",2891.174980125,7119,2645
"1/29/2012",307.4374999875,22926.875,8164.75
"1/30/2012",414.43750812125,21306.9375,6168.125
"1/31/2012",1704.10003324444,14183.2222222222,1962.88888888889
"2/1/2012",910.452944371765,18441.1176470588,1687.94117647059
"2/2/2012",1512.5454434,14670.1818181818,4126.54545454545
"2/3/2012",2101.68339335667,17231.5833333333,4254.58333333333
"2/4/2012",1812.87503190437,18701.625,4846.25
"2/5/2012",548.578949214737,20326.3684210526,6549.84210526316
"2/6/2012",135.411112898333,28653.3888888889,15483.6666666667
"2/7/2012",1395.54117606529,25657.6470588235,12230.8823529412
"2/8/2012",1005.52727509727,15577.3636363636,4441.63636363636
"2/9/2012",1150.44997598062,23734.5,12879.6875
"2/10/2012",1155.84544373273,20251.2727272727,4445.36363636364
"2/11/2012",8742.51111009222,18360.6666666667,4300.55555555556
"2/12/2012",322.807692890769,19491,1987.30769230769
"2/13/2012",930.290010706,25679,13029.35
"2/14/2012",167.020001223333,25427.8666666667,12149
"2/15/2012",354.490907841818,17708.9090909091,3132.54545454545
"2/16/2012",983.4916521275,18147.25,6481.83333333333
"2/17/2012",1165.07271153,16260.7272727273,3193.63636363636
"2/18/2012",361.87000122,23131.8,13841.1
"2/19/2012",198.766667683333,22938.6666666667,13006
"2/20/2012",499.899985270667,22600.2666666667,9378.6
"2/21/2012",345.706664017333,22309.6,7366.46666666667
"2/22/2012",1448.4480261708,22863.72,5995.84
"2/23/2012",1873.09002092167,20092.0333333333,6521.93333333333
"2/24/2012",392.488889888148,22326.4074074074,7362.7037037037
"2/25/2012",173.817647375882,24917.1764705882,11379.2352941176
"2/26/2012",967.962492119583,24074.9166666667,14512.75
"2/27/2012",106.1619997346,28618.9,15630.18
"2/28/2012",156.061537524615,25176.3461538462,8327.34615384615
"2/29/2012",1227.84444808667,24263.1851851852,6171.40740740741
"3/1/2012",2166.74228442268,19223.2535211268,4204.66197183099
"3/2/2012",1851.5721629218,20567.2786885246,3081.03278688525
"3/3/2012",663.90908753,21327.3939393939,5431.51515151515
"3/4/2012",551.375004564167,23481,8485.75
"3/5/2012",415.862072842069,24609.5517241379,9463.39655172414
"3/6/2012",1221.568979945,27384.1379310345,12235.7068965517
"3/7/2012",135.4826678596,29766.3066666667,18209.7733333333
"3/8/2012",309.0360006612,22042.8,7550.52
"3/9/2012",866.660871586956,23826.4347826087,7146
"3/10/2012",201.065216224783,25818.2173913043,7228.26086956522
"3/11/2012",102.786667635333,28663.2,13263.8
"3/12/2012",117.274191213548,27415.8387096774,12674.3870967742
"3/13/2012",578.133330883939,24790.9393939394,10562.696969697
"3/14/2012",785.5440090148,22838.8,5526.68
"3/15/2012",664.696160956538,21879.7307692308,7574.65384615385
"3/16/2012",525.113648674091,21707.5909090909,6051.04545454545
"3/17/2012",1480.70433313348,20419.2173913043,3717.30434782609
"3/18/2012",1012.39354594452,23845.2258064516,4833.8064516129
"3/19/2012",402.516664173611,24230.0277777778,4299.30555555556
"3/20/2012",1780.89308551828,22738.3103448276,4175.65517241379
"3/21/2012",899.171412621429,19535.5357142857,3481.17857142857
"3/22/2012",621.4074965,23048.125,7818.275
"3/23/2012",299.230300925152,22815.2727272727,5047.93939393939
"3/24/2012",183.725000375833,25958.9166666667,7633.58333333333
"3/25/2012",314.103128092812,25100.78125,9129.0625
"3/26/2012",156.662855422857,26960.5142857143,9820.31428571429
"3/27/2012",569.143232118919,27225.9459459459,10291.4864864865
"3/28/2012",480.22564453641,23678.6923076923,9454.69230769231
"3/29/2012",363.037492791562,25824.625,11918.90625
"3/30/2012",330.583327916944,24902.75,8178.69444444444
"3/31/2012",499.020503009231,26378.4871794872,9846.25641025641
"4/1/2012",300.259371743125,25025.28125,14820.5625
"4/2/2012",819.23078316,23135.9230769231,12396.6923076923
"4/3/2012",281.9166696975,28076.25,14937.5
"4/4/2012",468.08750320625,24481.1875,6256.4375
"4/5/2012",480.97916296875,21953.7083333333,7658.58333333333
"4/6/2012",2302.974294322,21189,6107.17142857143
"4/7/2012",330.122216948889,25492.2777777778,13061.3888888889
"4/8/2012",184.442105639474,24956.8421052632,9579.68421052631
"4/9/2012",390.500001435714,21625.0952380952,5629.2380952381
"4/10/2012",105.957626077119,29787.0677966102,19679.3389830508
"4/11/2012",725.304173494583,20564.2083333333,4336
"4/12/2012",616.113788325517,20780.6206896552,6871.10344827586
"4/13/2012",445.438089494762,23916.9523809524,10287.880952381
"4/14/2012",291.637495979583,27158.0833333333,11831.4583333333
"4/15/2012",679.693092703793,23335.7586206897,12085.0344827586
"4/16/2012",556.963047128044,23199.3043478261,11634.8913043478
"4/17/2012",145.500002414333,27103.1666666667,9624.36666666667
"4/18/2012",327.257694415,23051.1153846154,4254.30769230769
"4/19/2012",791.396014536,22911.44,4688.24
"4/20/2012",1157.80394239431,27414.6470588235,16533.2941176471
"4/21/2012",125.347368742632,28056.9473684211,10445.3157894737
"4/22/2012",857.718739796875,24624.4375,8805.75
"4/23/2012",317.271430151429,26949.25,12339.6785714286
"4/24/2012",287.46249785875,23310.1666666667,4898.125
"4/25/2012",918.702390474286,24217.5,7601
"4/26/2012",393.693096227241,21887.1034482759,5324.1724137931
"4/27/2012",2627.49420865327,21193,4032.71153846154
"4/28/2012",434.355137406154,25352.1282051282,3919.96153846154
"4/29/2012",266.781480680741,25296.1851851852,7124.03703703704
"4/30/2012",481.385181978519,22354.7777777778,4855.92592592593
"5/1/2012",1144.21428699381,21942.4761904762,6983.71428571429
"5/2/2012",524.263627112273,19938.2272727273,3597.5
"5/3/2012",3045.55643937217,20332.9130434783,4035.34782608696
"5/4/2012",379.472216093889,22564,4251
"5/5/2012",4281.96811303273,20186.2727272727,2558.86363636364
"5/6/2012",259.42727042,22854,5191.90909090909
"5/7/2012",320.489475283158,20660.7368421053,3565.05263157895
"5/8/2012",1308.76820009364,14640.4090909091,1583.04545454545
"5/9/2012",321.373080352308,23210.8076923077,4349.65384615385
"5/10/2012",152.95882191,26286.2941176471,6181.29411764706
"5/11/2012",1412.31738636739,23158.2608695652,7993.39130434783
"5/12/2012",1139.39094036045,20911.3636363636,6804.59090909091
"5/13/2012",485.511111173889,20714.5,3334.22222222222
"5/14/2012",1288.61331379333,19483,4196.26666666667
"5/15/2012",343.955549857222,23314.7777777778,4770.05555555556
"5/16/2012",976.713050537391,15837.6956521739,2931.82608695652
"5/17/2012",850.691669476667,24362.4166666667,7536.25
"5/18/2012",656.838882218889,20075.8888888889,4276.94444444444
"5/19/2012",654.342859279286,21344.1428571429,10214.0714285714
"5/20/2012",109.292309093077,27725,9967.84615384615
"5/21/2012",3339.60452445773,19895.9545454545,6782.63636363636
"5/22/2012",1019.034987028,14384.35,2873.2
"5/23/2012",810.187509257083,19080.375,3152.41666666667
"5/24/2012",2340.39998171864,10841.1818181818,1630
"5/25/2012",672.670387852593,18565.0740740741,7454.40740740741
"5/26/2012",763.290916476364,22920.2727272727,4506
"5/27/2012",240.0399979,26214.2,13435
"5/28/2012",752.535713467143,23279.6428571429,4599.42857142857
"5/29/2012",1102.56365107909,22055,4900.09090909091
"5/30/2012",576.1600003052,19609.8,5852.04
"5/31/2012",389.64249839125,21118.8,6605.125
"6/1/2012",296.759996325556,23250.2,3971.28888888889
"6/2/2012",808.809084097273,23465.5454545455,9005.63636363636
"6/3/2012",1665.440018932,25703,7642.8
"6/4/2012",489.93333033,22636.6666666667,9884.16666666667
"6/5/2012",1245.18057578972,23421.6666666667,14522.3888888889
"6/6/2012",363.060935738594,24917.125,15106.75
"6/7/2012",1398.0119959812,22889.8,9797.88
"6/8/2012",533.4080110296,24468.8,10344.28
"6/9/2012",1316.9499823395,19794.25,10587.45
"6/10/2012",1932.9749643055,22578.2,10615.7
"6/11/2012",656.05183778963,26602.9074074074,15794.9074074074
"6/12/2012",573.752172710435,20962.9130434783,8300
"6/13/2012",179.537499661875,25504.8125,11122.125
"6/14/2012",1363.74165800333,19355.0833333333,9823.875
"6/15/2012",696.173081931538,22099.5384615385,4824.69230769231
"6/16/2012",997.644430418889,15615.3333333333,4236.11111111111
"6/17/2012",1691.30526851211,15441.6842105263,5364.73684210526
"6/18/2012",2480.18575350619,18604.8095238095,8330.47619047619
"6/19/2012",2850.304007148,20360.88,8402.32
"6/20/2012",895.661556379615,22632.7692307692,8510.88461538462
"6/21/2012",1862.08695719565,17219.6956521739,7348.13043478261
"6/22/2012",702.5600042884,20359.4,4772.96
"6/23/2012",229.407143728571,24600.1428571429,16696.9285714286
"6/24/2012",440.028575935714,21677.5714285714,11095.6428571429
"6/25/2012",5019.86666199667,15830.9166666667,6012.41666666667
"6/26/2012",2800.13525821118,15927.2352941176,5472.94117647059
"6/27/2012",1228.99522232381,19191.1428571429,8047.95238095238
"6/28/2012",1509.66153182308,14568.3846153846,5708.38461538462
"6/29/2012",1214.42354307176,18275.5882352941,5073.11764705882
"6/30/2012",346.307139398571,18869.4285714286,7068.85714285714
"7/1/2012",23075.6343807333,16783.3333333333,13109.3333333333
"7/2/2012",273.031577656316,21259.5263157895,6653.26315789474
"7/3/2012",425.478573633571,19734.3571428571,10260.5
"7/4/2012",1884.092017192,21371.36,13487
"7/5/2012",909.778247754348,20327.9130434783,12130.652173913
"7/6/2012",303.899999875556,23751.1111111111,9549.22222222222
"7/7/2012",170.523532198235,27549.5294117647,15712.5882352941
"7/8/2012",293.249999096667,24791.6666666667,15152.25
"7/9/2012",1353.264991948,19508.6,11207.85
"7/10/2012",1056.800001698,22490.35,12251.65
"7/11/2012",456.089472345789,21942.1052631579,8361.26315789474
"7/12/2012",215.69375134375,25666.0625,15323.1875
"7/13/2012",1159.760024275,17536.55,9249.5
"7/14/2012",516.838459317692,21353.5384615385,9938.07692307692
"7/15/2012",547.735723242857,15759.9285714286,6337.35714285714
"7/16/2012",319.331816752727,23810.6363636364,11096.1818181818
"7/17/2012",558.133331499048,21677.6666666667,9899.61904761905
"7/18/2012",826.064286371429,18111.5714285714,7399.57142857143
"7/19/2012",202.087501700417,26838.125,16517.2916666667
"7/20/2012",1690.03432947656,23381.78125,10950.34375
"7/21/2012",926.221063346053,26897.8684210526,14383.0263157895
"7/22/2012",236.921739686957,28851.1304347826,20496.6086956522
"7/23/2012",2506.56838092579,24527.1052631579,12985.1578947368
"7/24/2012",1132.63156774737,19813.9473684211,11562.4736842105
"7/25/2012",1172.80001273538,15608.3076923077,2910.38461538462
"7/26/2012",458.700004536,17951.3,5951.2
"7/27/2012",1027.18180708636,16189.6363636364,4021.09090909091
"7/28/2012",1057.46666463333,13864.6666666667,1888
"7/29/2012",1944.35550264444,11450.1111111111,1381.11111111111
"7/30/2012",562.033333458333,19539.9166666667,10367.75
"7/31/2012",904.5250073375,14962.25,3752.125
"8/1/2012",434.285715650714,18869.8571428571,6910.42857142857
"8/2/2012",3289.43837573846,11236.6153846154,2460.61538461538
"8/3/2012",360.914808076667,25575.4814814815,5282.44444444444
"8/4/2012",263.620002752,22085.6,4083
"8/5/2012",1164.52859929286,21561.4285714286,6304.85714285714
"8/6/2012",6925.02733025909,12463.3636363636,3879.45454545455
"8/7/2012",1346.74165723333,11115.9166666667,1510.5
"8/8/2012",4052.04993195,10920,7352.33333333333
"8/9/2012",946.83999318,10502.4,3216.4
"8/10/2012",969.0000053675,17919.375,8213.375
"8/11/2012",1106.85002145,15104.75,7939.5
"8/12/2012",183.73999636,25720.8,13830.6
"8/13/2012",108.288234036471,26935.7058823529,6132.41176470588
"8/14/2012",1276.64112727235,21811.7647058824,5183.05882352941
"8/15/2012",1495.85883819706,18738.2941176471,6038.11764705882
"8/16/2012",346.742859918571,19898,7433.85714285714
"8/17/2012",1605.66246464187,17880.4375,9614.1875
"8/18/2012",334.09998705,18210.5,5320.5
"8/19/2012",3371.09094440273,23152.7272727273,15753.8181818182
"8/20/2012",483.509091427273,15871.2727272727,8800.09090909091
"8/21/2012",778.336361962121,15306.0909090909,5482.69696969697
"8/22/2012",1381.93633990303,16165.8484848485,4886.06060606061
"8/23/2012",7095.65410732857,13980.9428571429,3953.82857142857
"8/24/2012",829.1600021105,18862.775,7181.625
"8/25/2012",833.180656880645,22445.4516129032,12032.4516129032
"8/26/2012",719.573332266667,17304.3333333333,5594
"8/27/2012",745.074999125,17304.84375,5532.625
"8/28/2012",2395.16861783229,20253.5428571429,6364.25714285714
"8/29/2012",463.075006784286,20422.9642857143,6672.21428571429
"8/30/2012",483.619353617742,23474.8709677419,11862.6774193548
"8/31/2012",695.454545119545,20406.6818181818,8309.18181818182
"9/1/2012",488.219047912381,20881.9523809524,8655.33333333333
"9/2/2012",759.772209555556,15514.3888888889,4901.61111111111
"9/3/2012",434.583869720323,21554.5161290323,10661.5806451613
"9/4/2012",645.233321747,19927.2,5857.46666666667
"9/5/2012",590.572719228182,18187.7272727273,5392.75757575758
"9/6/2012",320.552942278824,21114.7941176471,7331.11764705882
"9/7/2012",508.723332832,16842.3,6733.2
"9/8/2012",2367.72852228571,15610.7142857143,4812
"9/9/2012",629.5649864135,20209.85,8741.55
"9/10/2012",494.478564945,21742.0714285714,8195.21428571429
"9/11/2012",199.0750007625,22906.95,7785.75
"9/12/2012",1850.43925775286,18055.6785714286,8920.17857142857
"9/13/2012",407.355553781481,21116.5185185185,9077.33333333333
"9/14/2012",766.433341691667,19506.875,8406.79166666667
"9/15/2012",2067.32142036643,14150.1428571429,4389.14285714286
"9/16/2012",6561.59374330625,22063.5625,9542.9375
"9/17/2012",2026.05412655625,18109.75,7137.16666666667
"9/18/2012",350.694444446111,23256.4444444444,11107.2222222222
"9/19/2012",801.875866347931,20215.8965517241,8528.27586206897
"9/20/2012",644.030434666522,20917.652173913,7228.91304347826
"9/21/2012",2001.69568590696,26474.7826086957,17203
"9/22/2012",429.805884011765,18205.2352941176,6652.23529411765
"9/23/2012",863.5880099872,20473.84,9410.16
"9/24/2012",627.014275918214,24201.0714285714,12871
"9/25/2012",727.027275682727,18857.0909090909,5675.60606060606
"9/26/2012",2117.490038058,19523,8149.6
"9/27/2012",369.328564999286,21319.2857142857,5385.28571428571
"9/28/2012",332.163633166364,19353.4545454545,5737
"9/29/2012",719.852956654706,19775.8235294118,5970.52941176471
"9/30/2012",1008.68572527286,16204.7142857143,4235.19047619048
"10/1/2012",1623.2400367388,16604.28,5768.12
"10/2/2012",1985.84995951778,17506.3888888889,2884.27777777778
"10/3/2012",426.186656666667,21741.0666666667,6912.6
"10/4/2012",1376.88336070917,19029.1111111111,5396.44444444444
"10/5/2012",655.811105085,22812.8888888889,13424.8888888889
"10/6/2012",595.591300665217,22810.0869565217,13183.7391304348
"10/7/2012",447.07332966,18952.5333333333,9064.6
"10/8/2012",649.025000916667,19549.375,10539.7916666667
"10/9/2012",359.787175692308,24389.2051282051,13644.4871794872
"10/10/2012",652.156237628125,20574.5625,6145.3125
"10/11/2012",164.555360105357,28818.7857142857,19060.6607142857
"10/12/2012",271.871429428571,29382.8214285714,22004.3928571429
"10/13/2012",1164.89999137917,21330.5,12806.4583333333
"10/14/2012",347.118182790909,20519.5454545455,9235.36363636364
"10/15/2012",728.403841152692,20596.8461538462,10142.2692307692
"10/16/2012",2108.84411017735,16966.4411764706,7735.29411764706
"10/17/2012",305.423812538095,23806.4285714286,11007.9523809524
"10/18/2012",782.671429947619,24629.380952381,14200.5238095238
"10/19/2012",1065.412509885,19877.5,7877.58333333333
"10/20/2012",4217.58940242632,19409.1578947368,11231.0526315789
"10/21/2012",194.712500883333,26276.4583333333,16221.125
"10/22/2012",3288.97091633194,23447.4516129032,10761.0967741935
"10/23/2012",393.727773336944,21966.3333333333,10606.6666666667
"10/24/2012",813.965505002414,21589.6034482759,7265.6724137931
"10/25/2012",827.717382346739,17228.8913043478,5366.69565217391
"10/26/2012",2267.11003457433,16636.7666666667,8728.63333333333
"10/27/2012",1050.2079831212,21358.08,12170.08
"10/28/2012",1000.96817365,23110.9090909091,14055
"10/29/2012",184.56585192439,28280.3414634146,18311.487804878
"10/30/2012",299.385717682143,24139.6071428571,10349.0357142857
"10/31/2012",298.796153852308,23110.7692307692,11555
"11/1/2012",822.895837459583,19060.2916666667,11536.3333333333
"11/2/2012",1934.79411761765,17165.5294117647,9256.64705882353
"11/3/2012",1145.66998746,15172.1,7174.8
"11/4/2012",926.40001336,18177.4,9229.2
"11/5/2012",758.573925703044,21441,11404.9565217391
"11/6/2012",228.833331097083,26136.5833333333,17133.7083333333
"11/7/2012",255.886663946667,27926.7333333333,18052.0666666667
"11/8/2012",287.306060330303,28483.3636363636,19421.8787878788
"11/9/2012",179.984375714063,26086.46875,16734.4375
"11/10/2012",4576.93990117333,17898.5333333333,11858.3333333333
"11/11/2012",4873.10886463043,21381.9565217391,12372.6956521739
"11/12/2012",717.838880319444,25468.8333333333,14021.6666666667
"11/13/2012",808.004174527083,21423.6666666667,13222.9583333333
"11/14/2012",828.268398141579,26122.9473684211,15621.1578947368
"11/15/2012",2494.69997918889,15122.5555555556,7101.22222222222
"11/16/2012",329.470589147059,21305.8235294118,12128.6470588235
"11/17/2012",580.294739568421,20468.1052631579,11423.5263157895
"11/18/2012",63.75,31011.2,20816
"11/19/2012",724.680971744286,24570.5238095238,16162.380952381
"11/20/2012",1514.24336138667,26713.5,17652.4333333333
"11/21/2012",421.781817340909,21558.5,11165.4090909091
"11/22/2012",952.239270382143,24694.75,16188.1428571429
"11/23/2012",10568.449807475,23955,11729
"11/24/2012",336.299998495,24703.45,16124
"11/25/2012",1237.0700069135,19791.25,10885.25
"11/26/2012",247.950004275,31749.7708333333,23346.5416666667
"11/27/2012",341.6333312875,26704.875,17779.0833333333
"11/28/2012",2769.63797352,26608.14,17379.08
"11/29/2012",591.279991165,22122.25,12227.9
"11/30/2012",396.370367524815,20537.5185185185,9027.85185185185
"12/1/2012",331.673679538421,22533.8947368421,10174.2105263158
"12/2/2012",579.571432985714,19299.0714285714,10919
"12/3/2012",374.584213614737,20301.7368421053,8098.47368421053
"12/4/2012",2956.448021844,14701.84,7623.24
"12/5/2012",881.714278592857,18112.2857142857,5694.71428571429
"12/6/2012",2776.21003259,17782.7,7521.1
"12/7/2012",1648.49232246154,14245.2307692308,4787.69230769231
"12/8/2012",738.445839272917,18316.375,8509.625
"12/9/2012",10420.46678236,12065.1666666667,4742.33333333333
"12/10/2012",713.926923326923,17174.6923076923,7849.61538461538
"12/11/2012",1193.65000047857,15486.7857142857,6446.35714285714
"12/12/2012",2713.1449383625,18978.1,10534.65
"12/13/2012",1458.304012432,13726.04,4170.4
"12/14/2012",2842.62375723952,18387.8571428571,7478.33333333333
"12/15/2012",831.8920138352,16897.32,5133
"12/16/2012",638.313333873333,18453.2333333333,7289.3
"12/17/2012",687.893541837097,17539.3870967742,8530.35483870968
"12/18/2012",1026.78236252794,19956.9705882353,8116.91176470588
"12/19/2012",1379.61249240417,17420.625,8577.70833333333
"12/20/2012",789.211772182353,16722.4705882353,9522.11764705882
"12/21/2012",558.804357743478,22689.4782608696,13437.1304347826
"12/22/2012",2353.24995339412,26589.8823529412,17403.2647058824
"12/23/2012",428.766665562222,20135.7777777778,8271.94444444445
"12/24/2012",1520.14444099278,14415.6111111111,5737.77777777778
"12/25/2012",986.54999699,13453.2,5118.9
"12/26/2012",4325.430084125,17074,6363.9
"12/27/2012",650.677763155556,16339.5555555556,7974
"12/28/2012",883.27776757,17955,4953.66666666667
"12/29/2012",3033.673290458,18064,6395.8
"12/30/2012",617.871429442857,17098,9156.57142857143
"12/31/2012",10500.0431274143,12592.1428571429,8159.14285714286
"1/1/2013",1902.7749748625,14372.125,8397.5
"1/2/2013",379.588894277778,19725.1111111111,9776
"1/3/2013",788.939994785,16459.9,4364.5
"1/4/2013",842.086678513333,16547.8666666667,5089.93333333333
"1/5/2013",309.988892444444,20036.3333333333,8266.44444444445
"1/6/2013",1339.98183099091,12164.2727272727,4434.09090909091
"1/7/2013",678.609389757813,25855.28125,16698.375
"1/8/2013",2177.69168405833,25500.5,18085
"1/9/2013",616.444990125,19921.4,10681.6
"1/10/2013",339.438460084615,24513,14420.0769230769
"1/11/2013",1379.81820148182,20157.1363636364,13163.5909090909
"1/12/2013",1347.96669700583,17918.25,7266.08333333333
"1/13/2013",1319.80003096667,21387.6666666667,6594
"1/14/2013",542.519994551,19888.9,6686.6
"1/15/2013",294.129415185294,21014.2941176471,10545.3529411765
"1/16/2013",311.622224875185,22174.1851851852,12726.037037037
"1/17/2013",664.227275531818,22646.7272727273,11192.5909090909
"1/18/2013",519.269563104348,17337.1739130435,6368.65217391304
"1/19/2013",338.64667258,19511.8666666667,7135.4
"1/20/2013",3343.3199366,10729.8,3840.8
"1/21/2013",376.122221653889,20154.0555555556,10219.1666666667
"1/22/2013",673.004162294167,18026.2916666667,8981.125
"1/23/2013",1535.02002,21965.8,13716.9
"1/24/2013",779.03332924,13218.3333333333,7748.4
"1/25/2013",692.899990091667,11141,2625.66666666667
"1/26/2013",1147.39999771333,16403,3305.33333333333
"1/27/2013",1245.9187459875,11758.75,3479.5625
"1/28/2013",887.357158105,20855.4285714286,10442.0714285714
"1/29/2013",484.239133103043,22947.652173913,10659.6956521739
"1/30/2013",591.057903123684,16965.2631578947,5031.94736842105
"1/31/2013",911.273908345652,17108.1739130435,7124.47826086957
"2/1/2013",1117.73570356429,13512,4318.71428571429
"2/2/2013",428.178565408571,24086.7142857143,11431.2857142857
"2/3/2013",648.095238828571,21957.2857142857,13138.3333333333
"2/4/2013",1691.99330713333,20755.6,9077.6
"2/5/2013",802.290897001818,15238.3181818182,6150.09090909091
"2/6/2013",379.683330575,20171.8333333333,10508.4166666667
"2/7/2013",273.960869828261,21853.4782608696,10904.0869565217
"2/8/2013",1327.7200133725,22268.05,10599.65
"2/9/2013",1117.80770813308,19395.9230769231,9300.53846153846
"2/10/2013",1356.03125047063,24676.5625,13156.4375
"2/11/2013",604.6500019245,18715.95,6074.65
"2/12/2013",365.4080020252,24413.28,11252.2
"2/13/2013",346.4440060444,24933.04,10044.88
"2/14/2013",1246.5949880215,21353.75,8778
"2/15/2013",1023.09998700048,19086.380952381,4900.57142857143
"2/16/2013",593.585005978,18793.8,6073.5
"2/17/2013",374.571432416429,22076.2857142857,8310.71428571429
"2/18/2013",523.872736181818,16252.7272727273,4905.90909090909
"2/19/2013",765.396420967857,19117.8928571429,7371.28571428571
"2/20/2013",344.921049405263,20047.6315789474,8321.26315789474
"2/21/2013",1029.26001693314,22162.3428571429,10400.4571428571
"2/22/2013",996.608351727917,16709.75,6645.95833333333
"2/23/2013",1068.16001668467,22737,9590
"2/24/2013",288.847371160526,27599.3684210526,17546.5263157895
"2/25/2013",1380.00003224412,25321.0882352941,17386.5294117647
"2/26/2013",1181.05787594158,25121.5087719298,16064.7719298246
"2/27/2013",735.056666571667,23482.2,11635.3333333333
"2/28/2013",603.452169006087,18856.5652173913,6619.17391304348
"3/1/2013",1475.544991785,16628.3,7224.85
"3/2/2013",273.954541631818,23726.5909090909,13315.3636363636
"3/3/2013",1072.43331345467,15844.2,5330.06666666667
"3/4/2013",471.564290720357,21768.6071428571,10188.2142857143
"3/5/2013",473.166662283333,21318.5238095238,10256.1428571429
"3/6/2013",1634.87616829714,15189.3333333333,4842.71428571429
"3/7/2013",919.071981532,18570.48,4094.04
"3/8/2013",1334.88498233,20567.1,12330.1
"3/9/2013",582.33750344375,21188,10178.75
"3/10/2013",922.921753882609,21422.0434782609,10817.9130434783
"3/11/2013",295.299996242105,25379.4736842105,14772.2894736842
"3/12/2013",871.484612972308,24205.6538461538,13977.5
"3/13/2013",625.890914658636,24332.3636363636,13407.7727272727
"3/14/2013",353.074995570357,25676.7857142857,16672.8928571429
"3/15/2013",1950.28568058857,19953.5,11532.6071428571
"3/16/2013",998.617404791304,21491.6956521739,13450.0869565217
"3/17/2013",491.100008997941,30036.7941176471,20911.8529411765
"3/18/2013",156.15652168913,28063.8695652174,16146.4347826087
"3/19/2013",540.315098665472,30644.2830188679,19811.8867924528
"3/20/2013",630.333334290833,27817.8333333333,18877.1875
"3/21/2013",310.96249744525,25217.65,14234.125
"3/22/2013",551.913335905667,22276.0333333333,13451.2333333333
"3/23/2013",7863.48104288125,27908.0625,19020.75
"3/24/2013",670.57389799,24430.5652173913,15482.7826086957
"3/25/2013",161.418518627778,27199.7407407407,14919.7777777778
"3/26/2013",155.19524021,28770.0238095238,14531.8333333333
"3/27/2013",251.139390640909,26598.2121212121,14971.0909090909
"3/28/2013",508.422221008889,26469.2962962963,14062.3703703704
"3/29/2013",1663.127974236,18624.36,9349.56
"3/30/2013",1069.74708013529,19400.5882352941,10896.7647058824
"3/31/2013",323.966665777778,27469.037037037,16807.2222222222
"4/1/2013",1569.24373239687,15873.375,6655.125
"4/2/2013",403.1708317,25564.0833333333,15326.0833333333
"4/3/2013",297.807692880769,25164.8461538462,15076.5
"4/4/2013",499.13334354303,22098.6666666667,11666.0606060606
"4/5/2013",3658.76666685833,21122.3333333333,11993.1666666667
"4/6/2013",159.909090909091,27239.4545454545,18200.5454545455
"4/7/2013",2124.82221728611,18740.3888888889,7747.61111111111
"4/8/2013",487.4400055132,21900.96,10536.16
"4/9/2013",242.428946948289,29103.6447368421,19113.5657894737
"4/10/2013",1064.61306263478,17126.1739130435,6428.08695652174
"4/11/2013",2519.74450023259,24616.4074074074,15302.8518518519
"4/12/2013",869.520004106,13277.8,4821.53333333333
"4/13/2013",456.641510743396,22493.2264150943,7105.30188679245
"4/14/2013",3045.22922699167,17108.625,7516.29166666667
"4/15/2013",3744.51427378571,14791.25,8494.57142857143
"4/16/2013",196.116664902083,26248.9583333333,14880.5416666667
"4/17/2013",894.908684606087,22006.2608695652,12470.1739130435
"4/18/2013",567.952378380952,17921.3333333333,7598.02380952381
"4/19/2013",2061.26950044746,26034.3389830508,16599.8474576271
"4/20/2013",1981.67143623667,20789,13213.8571428571
"4/21/2013",1828.48092451286,17371.5714285714,9871.61904761905
"4/22/2013",425.661533441282,23168.8205128205,8627.66666666667
"4/23/2013",3561.78688350342,14311.2105263158,6253.3947368421
"4/24/2013",1096.73939982121,18520.8484848485,7421.69696969697
"4/25/2013",713.13124812375,20175.21875,10730.65625
"4/26/2013",528.813161562895,18315.6842105263,5673.15789473684
"4/27/2013",796.558621643103,18563,8976.86206896552
"4/28/2013",753.969997415,19831.5,8595.85
"4/29/2013",542.973074071154,17422.8846153846,6502.03846153846
"4/30/2013",2896.156620861,22143.9666666667,11752.9
"5/1/2013",349.907146997143,23545.7142857143,9220.82142857143
"5/2/2013",1639.36035753172,19540.724137931,9123.06896551724
"5/3/2013",893.9079838966,22399.18,10743.46
"5/4/2013",1327.204991679,19397.85,7847
"5/5/2013",1401.35292970353,18900.2941176471,6905.94117647059
"5/6/2013",1384.41154906154,15672.5,5973.69230769231
"5/7/2013",1100.97940022559,16574.3823529412,7110.94117647059
"5/8/2013",672.642421290606,19832.2727272727,7221.33333333333
"5/9/2013",3897.54989972533,15692.3333333333,5338
"5/10/2013",1164.87390163217,14814.1739130435,3743.91304347826
"5/11/2013",211.07249861275,24131.825,8291.225
"5/12/2013",889.279987672,18656.5,7780.6
"5/13/2013",982.1800239085,15448.05,5901.4
"5/14/2013",1534.99628082778,14189.6296296296,4780.85185185185
"5/15/2013",726.764288258929,13956.7857142857,5545.10714285714
"5/16/2013",630.26666182,17132.4666666667,3935
"5/17/2013",952.509546170952,18147.5238095238,5979
"5/18/2013",1382.65790173579,13222.2631578947,4284
"5/19/2013",1030.86666192222,14565.5555555556,7812.66666666667
"5/20/2013",986.089285460714,14796.8928571429,4950.64285714286
"5/21/2013",4344.88575287464,15995.0714285714,4907.60714285714
"5/22/2013",508.718751563125,18950.46875,8220.53125
"5/23/2013",655.404341454783,13501.3913043478,4087.73913043478
"5/24/2013",975.342103548421,13397.9736842105,5116.57894736842
"5/25/2013",595.013631671364,17606.2727272727,6718.77272727273
"5/26/2013",245.842856266429,22742.1428571429,8202.21428571429
"5/27/2013",597.883328089167,13654.375,2997.08333333333
"5/28/2013",977.309092845758,16271.9393939394,5696.18181818182
"5/29/2013",453.36470863,17207.4117647059,3654.26470588235
"5/30/2013",1165.68888072,15449.5,6358.19444444444
"5/31/2013",649.963882742222,21565.0555555556,9168.5
"6/1/2013",1349.98057859806,16111.5277777778,6987.33333333333
"6/2/2013",846.686863618421,22051.4473684211,7151.63157894737
"6/3/2013",1070.49788048745,19806.9574468085,8286.97872340426
"6/4/2013",569.885110807021,22339.0638297872,9424.70212765958
"6/5/2013",2231.45938503625,19765.40625,6606
"6/6/2013",378.623996297,25156.42,12405.7
"6/7/2013",613.372962932432,18285.4054054054,5995.7027027027
"6/8/2013",1593.93635299736,21164.9909090909,9170.71818181818
"6/9/2013",403.684929375205,25176.9178082192,11347.3150684932
"6/10/2013",886.260232384578,22446.2048192771,8074.40963855422
"6/11/2013",390.49499949325,23514.9,8704.0125
"6/12/2013",404.505885624706,20883.1764705882,7307.70588235294
"6/13/2013",468.528897672,23835.5333333333,9706.28888888889
"6/14/2013",277.367443443954,24478.511627907,10887.2558139535
"6/15/2013",1529.25097926137,18715.8823529412,6860.50980392157
"6/16/2013",1082.0237580239,22546.6440677966,7510.37288135593
"6/17/2013",655.446941859388,17796.2653061224,8240.77551020408
"6/18/2013",3625.00590676059,16573.3529411765,7624.35294117647
"6/19/2013",2931.91989912733,19422.6666666667,8241.2
"6/20/2013",1307.06316356316,20771.1578947368,9073.73684210526
"6/21/2013",817.290024089,20159.6,8592.5
"6/22/2013",272.772726580909,22651.0454545455,5486.22727272727
"6/23/2013",2624.830042543,20881.1,8703
"6/24/2013",8056.060161876,18689.35,7639.55
"6/25/2013",4188.65258933368,15441.6315789474,5984.15789473684
"6/26/2013",931.937504064375,17627.25,6195.9375
"6/27/2013",535.7799932335,18208.9,6918.3
"6/28/2013",1869.2800296635,16405.05,6431.5
"6/29/2013",234,24298.4615384615,11552.2307692308
"6/30/2013",1535.84618783538,15062.4615384615,6846.46153846154
"7/1/2013",664.094733781053,18450.0526315789,7083.52631578947
"7/2/2013",411.435290606471,22413.7058823529,6527.58823529412
"7/3/2013",661.333331299333,17706.0666666667,6244.73333333333
"7/4/2013",2028.63567549571,15847.2857142857,4781.92857142857
"7/5/2013",801.43749139125,15088.125,6494.625
"7/6/2013",1726.61662809583,17296.0833333333,6584.75
"7/7/2013",444.83750535625,22516.375,10156
"7/8/2013",516.876923218077,22169.8076923077,8160.19230769231
"7/9/2013",2075.664960753,17483.9,8957.1
"7/10/2013",1048.52103578895,21467.3684210526,9681.8947368421
"7/11/2013",607.1125068875,13433.125,6807.125
"7/12/2013",3054.65615930375,14528.875,5376.8125
"7/13/2013",5546.91537178615,14475.3846153846,6281.69230769231
"7/14/2013",1088.17498719833,16293,6089.91666666667
"7/15/2013",771.288227342941,13527.9411764706,4981.23529411765
"7/16/2013",1133.48262523174,16847.652173913,8208.65217391304
"7/17/2013",512.470595429412,18602.7058823529,8838.94117647059
"7/18/2013",866.465387904231,19938.0384615385,10446.9615384615
"7/19/2013",660.521044674737,18660.6842105263,10113.5263157895
"7/20/2013",4427.099842729,15490.5,5453
"7/21/2013",6945.90008525,22363.75,9818.875
"7/22/2013",5317.27007743,9584.1,3504.4
"7/23/2013",322.299998415,17867.6666666667,6549.72222222222
"7/24/2013",511.19998928,15742.6,7541.6
"7/25/2013",1724.84377116688,21830.1875,8523.375
"7/26/2013",827.4187627275,15730.25,4453.875
"7/27/2013",625.038447719231,20673.8076923077,7213.57692307692
"7/28/2013",1327.80603306515,15059.9393939394,3952.69696969697
"7/29/2013",643.395245344762,16215.380952381,4610
"7/30/2013",4799.70467630182,13395.0909090909,4668.13636363636
"7/31/2013",514.863153344211,19641.8421052632,7797.8947368421
"8/1/2013",787.609082327273,12934.6363636364,6485.36363636364
"8/2/2013",550.563627754545,17147.8181818182,7792.90909090909
"8/3/2013",1175.84282565714,13214.4285714286,8615.57142857143
"8/4/2013",738.228570042857,16889.7142857143,10912.5714285714
"8/5/2013",901.049996675,17124.8333333333,6886.25
"8/6/2013",767.554159775,15794.125,7353.875
"8/7/2013",1620.90717089286,14091.0714285714,6115.42857142857
"8/8/2013",956.511125735,16951.8333333333,7318.55555555556
"8/9/2013",413.445456781818,17174.2727272727,10564.1818181818
"8/10/2013",583.975007391667,16167.4166666667,8372.5
"8/11/2013",1529.66365475455,7529.27272727273,3425.81818181818
"8/12/2013",1161.96920950385,18779.3076923077,9583.15384615385
"8/13/2013",438.292300915385,18481.6923076923,9358.46153846154
"8/14/2013",2425.75716436429,10241.6428571429,5141.5
"8/15/2013",1042.7812363375,26098.6875,17280.7083333333
"8/16/2013",717.017644107647,19167.2941176471,10714.1764705882
"8/17/2013",138.685713642857,25987.1428571429,12356
"8/18/2013",1915.54215275263,14927.7894736842,7298.15789473684
"8/19/2013",1547.23160349474,17187.8421052632,7279.73684210526
"8/20/2013",604.489468619474,16922.6315789474,8413.42105263158
"8/21/2013",963.266657933333,15353.8333333333,6549.27777777778
"8/22/2013",4742.65446970636,15552,8001.09090909091
"8/23/2013",991.846653766667,16170.4666666667,5266
"8/24/2013",741.62001338,17581.4,11020
"8/25/2013",658.416656466667,18076.0833333333,8104.5
"8/26/2013",2573.56155631154,14876.5,8601.07692307692
"8/27/2013",593.330778838462,17964.4615384615,7486.53846153846
"8/28/2013",283.399998388235,21654.1176470588,10462.3529411765
"8/29/2013",818.676929246154,15520.8461538462,6774.30769230769
"8/30/2013",583.510001355,14563.05,6442.95
"8/31/2013",1193.03029644848,14612.0909090909,7438.69696969697
"9/1/2013",2905.70457876818,13677.2272727273,6329.40909090909
"9/2/2013",1138.16924750769,13119.9230769231,5062.46153846154
"9/3/2013",960.4166689,15363.625,6241.375
"9/4/2013",677.128580177857,23189.7380952381,14040.7857142857
"9/5/2013",451.488459653846,18712,9840.26923076923
"9/6/2013",636.151993996,22067.04,12684.2
"9/7/2013",525.764699152941,18779.4705882353,8895.82352941176
"9/8/2013",739.041647608333,19613.1666666667,10537.1666666667
"9/9/2013",858.6952293,20155.4285714286,10826.9523809524
"9/10/2013",594.49500583,17713.5,9121.15
"9/11/2013",716.999998719444,25206.2777777778,15240.3888888889
"9/12/2013",409.575001710417,23940.625,14782.8541666667
"9/13/2013",233.191667772222,26893.5277777778,17323.0833333333
"9/14/2013",623.715001655,22566.7,13838.9
"9/15/2013",1464.405018585,18970.2,12203.6
"9/16/2013",1668.87094318645,24588.0322580645,15568.1612903226
"9/17/2013",462.98333106,20304.9166666667,10005.0416666667
"9/18/2013",470.628953639474,21899.4736842105,11653.2368421053
"9/19/2013",440.234483903448,19665.0689655172,9327
"9/20/2013",278.60000387037,26736.5185185185,16134.8888888889
"9/21/2013",713.717244624138,19398,11167.9655172414
"9/22/2013",431.750011113636,24628.7727272727,15161.7727272727
"9/23/2013",345.934088954545,27635.9772727273,17756.2954545455
"9/24/2013",1884.00284178,22666.4,14790.6857142857
"9/25/2013",128.200000128542,29791.9791666667,18224.5
"9/26/2013",254.426580487342,29320.6582278481,19350.3797468354
"9/27/2013",655.578040339024,26796.0731707317,16827.1463414634
"9/28/2013",296.810868693696,24802.3913043478,13467.0652173913
"9/29/2013",276.963887951389,25457.2777777778,15114.2222222222
"9/30/2013",246.749999539394,27477.3787878788,18607.4393939394
"10/1/2013",237.694028707463,30588.6268656716,20569.0895522388
"10/2/2013",651.247614072619,27590.6428571429,17970.3095238095
"10/3/2013",328.768419366842,23334.5789473684,14349.8947368421
"10/4/2013",332.079418176471,24702.2647058824,12888.5588235294
"10/5/2013",1310.7882345,25045.7058823529,14209.8235294118
"10/6/2013",267.291424562857,28381.0285714286,17738.0571428571
"10/7/2013",390.61799926,26111.5,14193.72
"10/8/2013",239.627586648276,28179.1724137931,18745.0689655172
"10/9/2013",660.331027344828,21584.1034482759,14566.6896551724
"10/10/2013",285.736667107333,26861.6,15192.4333333333
"10/11/2013",575.476926355769,22799.3076923077,14432.6538461538
"10/12/2013",927.475750374242,27523.5454545455,16705.5757575758
"10/13/2013",284.10952395,26649.7619047619,16420.6904761905
"10/14/2013",178.024192564355,28763.2741935484,16569.0322580645
"10/15/2013",599.005763425577,25422.8461538462,12803.6153846154
"10/16/2013",376.8019975314,27497.6,15845.04
"10/17/2013",611.051789631607,26942.8392857143,15590.8035714286
"10/18/2013",684.595076281967,25957.0819672131,15627.0163934426
"10/19/2013",454.363266302857,24632.4285714286,13025.1020408163
"10/20/2013",132.299999388,28459.08,15318.76
"10/21/2013",701.007282132727,24195.4363636364,13785.7818181818
"10/22/2013",938.75791285,24172.2631578947,14255.4736842105
"10/23/2013",349.272971897297,23239.027027027,13316.4594594595
"10/24/2013",516.857684773077,19908.9230769231,9357.65384615385
"10/25/2013",402.590317026129,23885.2580645161,11751.4516129032
"10/26/2013",898.440008115,18750.75,9199.15
"10/27/2013",484.965714813714,21301.9142857143,11072.2285714286
"10/28/2013",428.796155481667,21925.4358974359,9811.37179487179
"10/29/2013",357.15937660625,18484.8125,7457.09375
"10/30/2013",443.906059960606,20810.2424242424,9528.15151515152
"10/31/2013",525.088883705556,19586.5,9321.58333333333
"11/1/2013",795.207137910714,22430.5,13494.1785714286
"11/2/2013",158.595000455,27767.65,15872.95
"11/3/2013",411.554538151515,23587.4545454545,13466.6666666667
"11/4/2013",710.943475619565,25623.7391304348,15602.847826087
"11/5/2013",359.546552460345,24239.224137931,14452.724137931
"11/6/2013",258.955318551064,26909.8085106383,15833.7446808511
"11/7/2013",1144.17296498378,22737.2972972973,11586.1891891892
"11/8/2013",494.33030840303,21205.2424242424,11110.6666666667
"11/9/2013",206.318183909091,25851.6363636364,14648.4545454545
"11/10/2013",193.399998467778,27311.4222222222,14970.0222222222
"11/11/2013",227.338778757143,28450.8571428571,17677.8775510204
"11/12/2013",930.342858463265,22016.5102040816,11605.5102040816
"11/13/2013",274.468750010417,23818.125,12665.1875
"11/14/2013",573.925922516667,23506.9814814815,14138.462962963
"11/15/2013",464.728570966667,25610.4126984127,14508.7936507937
"11/16/2013",281.555556118518,21759,10844.5185185185
"11/17/2013",739.151292484615,16942.2307692308,6468.10256410256
"11/18/2013",293.084905511887,21613.9056603774,9773.67924528302
"11/19/2013",443.361035571429,21172.1688311688,9023.50649350649
"11/20/2013",384.270270681081,22216.1621621622,10741.6216216216
"11/21/2013",880.009094939394,18465.7878787879,9075.60606060606
"11/22/2013",1223.34001665,20772.3,11300.3
"11/23/2013",812.399997452941,18446.8235294118,8326.41176470588
"11/24/2013",1671.58147516296,23688.8888888889,13998.6666666667
"11/25/2013",420.052938320588,22845.3529411765,12076.6764705882
"11/26/2013",929.428862753846,25221.8269230769,13867.8269230769
"11/27/2013",946.3810429,20720.6206896552,9975.24137931034
"11/28/2013",1431.74211120526,22407.3157894737,14522.6842105263
"11/29/2013",218.242425157576,26847.2424242424,16564.7575757576
"11/30/2013",462.717654041176,20391.7058823529,10444.2941176471
"12/1/2013",3266.08763399167,15563.5833333333,7418.54166666667
"12/2/2013",288.46500416,28630.2,18960.125
"12/3/2013",791.661285406452,21577.2258064516,12816.4838709677
"12/4/2013",417.511116881481,22309.5925925926,13652.2222222222
"12/5/2013",804.30001118,16320.9333333333,9486.06666666667
"12/6/2013",635.850004525,25736.9166666667,17295.75
"12/7/2013",1758.89088679091,18317.5454545455,9773.27272727273
"12/8/2013",1622.41898899048,19689.380952381,12388.5238095238
"12/9/2013",2842.21714106571,21651.5714285714,13103.7428571429
"12/10/2013",785.193758953125,29174.6875,19542.375
"12/11/2013",763.749997275,18175.8571428571,10663.8928571429
"12/12/2013",953.157131308214,22229.0357142857,13166.7857142857
"12/13/2013",10063.1663168,13194.8333333333,6686.44444444444
"12/14/2013",659.1733337,18289.1333333333,8619.93333333333
"12/15/2013",4778.41677122056,14159.4444444444,8064.61111111111
"12/16/2013",730.307702946154,17331.1538461538,10214.2307692308
"12/17/2013",2930.099924605,18436.85,9792.1
"12/18/2013",1320.07623359381,19066.2380952381,10787.4761904762
"12/19/2013",948.403325007667,21387.4333333333,12556.5666666667
"12/20/2013",710.010351813793,19551.2413793103,12090.0344827586
"12/21/2013",333.036839505263,25664.3157894737,18505.2631578947
"12/22/2013",293.855553522222,21753.2222222222,13355.6666666667
"12/23/2013",512.441660583333,17714,9648.33333333333
"12/24/2013",343.211109633333,21023.4444444444,13177.7777777778
"12/25/2013",834.30001079,13209.2857142857,5316.14285714286
"12/26/2013",643.029999246,19284.4,13079.775
"12/27/2013",666.4863552,20219.8181818182,14758.2272727273
"12/28/2013",584.472724931818,17599.8181818182,10585.9090909091
"12/29/2013",2913.91754792353,17450.5294117647,11022.7647058824
"12/30/2013",556.282355376471,16039.1764705882,8206.52941176471
"12/31/2013",561.646160353846,13419.0769230769,5673.76923076923
"1/1/2014",1720.831252075,12324.875,6595.625
"1/2/2014",1129.01820724318,13404.1363636364,6410.72727272727
